<?xml version="1.0" encoding="UTF-8" standalone="yes"?>
<addon id="repository.aparicio.kodi" name="Repositorio Aparicio" version="0.0.2" provider-name="aparicio">
	<extension point="xbmc.addon.repository" name="aparicio">
		<info compressed="false">http://raw.github.com/aparicio18/repository.aparicio.kodi/master/addons.xml</info>
		<checksum>http://raw.github.com/aparicio18/repository.aparicio.kodi/master/addons.xml.md5</checksum>
		<datadir zip="true">http://raw.github.com/aparicio18/repository.aparicio.kodi/master/repo/</datadir>
	</extension>
	<extension point="xbmc.addon.metadata">
		<summary>Repositorio</summary>
		<description>aparicio</description>
		<disclaimer></disclaimer>
		<platform>all</platform>
	</extension>
</addon>